group,value,customers,spend_lift,ci_low,ci_high
Bought womens last year,0,28818,0.27835448170778665,-0.12356921545452715,0.6802781788701004
Bought womens last year,1,35182,0.5442138277148146,0.21637156456777307,0.8720560908618562
Bought mens last year,0,28734,0.6316479517709466,0.2951273373598922,0.968168566182001
Bought mens last year,1,35266,0.2564155534589041,-0.11722948357696994,0.6300605904947781
New customer,0,31856,0.11395712053756446,-0.2754754786063253,0.5033897196814543
New customer,1,32144,0.7322877956561398,0.40119314289962377,1.0633824484126557
Channel,Multichannel,7762,1.1575358651270653,0.2588654032549704,2.05620632699916
Channel,Phone,28021,0.23247350450950877,-0.11920642559875161,0.5841534346177691
Channel,Web,28217,0.4163166914707608,0.024553976811312994,0.8080794061302086
